claim,tweet_id,tweet_text
DMX took the COVID-19 vaccine days before he suffered a heart attack.,1380529371019087873,"‚ÄúDMX Received Covid Vaccine Days Before Heart Attack - Family Says NO DRUGS! - Washington News Post‚Äù

How many coincidences do we need until provaxxers start to recognize the pattern?

#vaccinated #vaccine #covid1984 #pfizer  https://t.co/uoPT6uqmrA"
DMX took the COVID-19 vaccine days before he suffered a heart attack.,1380297236727398405,"Now I'm hearing DMX received the covid Vax a week before his heart attack. His family says it's not from drugs. Fuck the media, I believe them!"
DMX took the COVID-19 vaccine days before he suffered a heart attack.,1381927966192455684,"DMX dies of a heart attack a week after receiving the Covid vax. It was not a drug overdose that killed him according to his family. 
Local nurse here, same thing. 
I don‚Äôt trust the government. That‚Äôs all I know. 

https://t.co/yKpwl8aCaQ"
DMX took the COVID-19 vaccine days before he suffered a heart attack.,1380792091228377089,"DMX Received Covid Vaccine as I said the vax killed this man I know him he was healthy and drug free as ever before he was gaining weight what drug user u know gains weight on drugs?
Days Before Heart Attack ‚Äì Family Says NO DRUGS! (EXCLUSIVE) https://t.co/bA71xPxVZ2"
DMX took the COVID-19 vaccine days before he suffered a heart attack.,1444186820552626176,"@pointguard1946 @Jaker5678 @DebbieGarratt My neighbors got both shots. Then they got covid. They ended up in the hospital &amp; both died there, on the same day. Age 50 &amp; 52
My friend who's 38 got the Moderna vax &amp; had a heart attack that day...also 3 huge blood clots in lungs &amp; the blood clots went to her legs !"
DMX took the COVID-19 vaccine days before he suffered a heart attack.,1444065621499686917,@kathleea1 I think that‚Äôs true. I read an article from a Montgomery paper about that a week or so ago. My son‚Äôs co worker died 2 days ago. They said from Covid. He had a massive heart attack at home in his bathroom. He was vaxx‚Äôd in April with Moderna. Apparently he was 70 lbs overweight
DMX took the COVID-19 vaccine days before he suffered a heart attack.,1444705371524841472,"@BruceRWomack4 @Luismburgos @vicky_dollysmom But wait if the non vaccinated are subjected to covid testing and the vaccinated aren't but still  getsick wouldn't that make you the real threat ""health and safety"".Yall are on this Vax high horse  when studies show it increase your chances of catching delta v and heart attack."
DMX took the COVID-19 vaccine days before he suffered a heart attack.,1442574979405475844,"@RealQuintonMayo The vaccine-heads out in full force! The Covid IFR in his age range is 99.986, and as an athlete even less. His chances of myocarditis however post vax are real. I suspect we will see more athletes this year suffer heart issues.https://t.co/coPutqVEqA"
DMX took the COVID-19 vaccine days before he suffered a heart attack.,1444016369289158658,@AdolfoBiden @nprpolitics Nobody ever had a heart attack before the covid vax?
DMX took the COVID-19 vaccine days before he suffered a heart attack.,1399261229160538112,"@SirajAHashmi DMX literally died from the vax. Kids are developing HEART CONDITIONS, these doctors literally are saying 'Even if the shot does create complications, it's better than catching covid'"
"One or all of the COVID-19 vaccines available in 2021 were ""called Luciferase.""",1436091137031352321,"@MarkSteinbrick @lesleyabravanel @POTUS The Pope is not respected by other denominations.   

I tried to point out how retailers were willing to fight birth control.  The belief in the mark of the beast is so much greater. People believe there's an ingredient in the v that has Lucifer's name.

https://t.co/qIDRs7wf1r"
"One or all of the COVID-19 vaccines available in 2021 were ""called Luciferase.""",1399026599471849472,This meme is misunderstandings compounded by misunderstandings. https://t.co/bN6A1mv44H
"One or all of the COVID-19 vaccines available in 2021 were ""called Luciferase.""",1383087800216477696,"üëâ ¬´Luciferase¬ª, le vrai nom des vaccins luttant contre le Covid-19 ? ‚ùå FAUX 

üåü Ce sont seulement des enzymes impliqu√©es dans la bioluminescence et parfois utilis√©es pour suivre des processus biologiques. @byjlee de @snopes explique (en anglais). https://t.co/hQkISQZtJ3"
"One or all of the COVID-19 vaccines available in 2021 were ""called Luciferase.""",1382166638036914185,"Why do Republicans want their base to die?  No masks, no distancing, the virus is a hoax and now fighting to make them not get vaccinated?!  What is wrong with these people?  https://t.co/qkQG42uc7D"
"One or all of the COVID-19 vaccines available in 2021 were ""called Luciferase.""",1382143080002883589,"Is the COVID-19 Vaccine Called 'Luciferase'?ampvideo_youtubeSnopes.combookmark_bordersharemore_vert,https://t.co/cJW5yIXUvD"
"One or all of the COVID-19 vaccines available in 2021 were ""called Luciferase.""",1382124009064599554,"J√° est√° rolando esse boato nos grupos do WhatsApp?
https://t.co/l1M2rPHnlV"
"One or all of the COVID-19 vaccines available in 2021 were ""called Luciferase.""",1382069597189369859,Is #Luciferase the Name for the #COVID19 #Vaccine? #False - People will believe anything  https://t.co/lrweoXLY94 via @snopes
"One or all of the COVID-19 vaccines available in 2021 were ""called Luciferase.""",1382035257776570369,"Holy crap. Could the idiots out there at least bother to type those 10 damn letters into Google? Luciferase is real but pertains to enzymes that can emit light --- Is ""Luciferase"" the Name for the #COVID19vaccine? https://t.co/oOgFb3FJdy via @snopes"
"One or all of the COVID-19 vaccines available in 2021 were ""called Luciferase.""",1382011394636275717,Is Luciferase the Name for the COVID-19 Vaccine? (Hint: no) https://t.co/XdhmiG5DuO via @snopes
"One or all of the COVID-19 vaccines available in 2021 were ""called Luciferase.""",1381988572299993089,"‚ùå No COVID-19 vaccine is ‚Äúcalled luciferase"" or include the bioluminescence-related luciferase enzymes. https://t.co/bN6A1mv44H https://t.co/ZZy1lCcTd4"
A nurse in Alabama died after receiving a vaccination for the COVID-19 coronavirus disease in December 2020.,1440331014920761348,"COVID-19 vaccinations work with or without side effects
#Covid #Coronavirus #Vaccine #Vaccination #Hospital #Pfizer #Moderna @AaronMilstone  @Amanda_Debes 
https://t.co/sRraf0W09s"
A nurse in Alabama died after receiving a vaccination for the COVID-19 coronavirus disease in December 2020.,1440824463029784581,"@blazing_blurrr 3. The FDA issued an emergency use authorization for Pfizer-BioNTech COVID-19 Vaccine for individuals 16+ on December 11, 2020. The first person to receive the vaccine post this authorization was December 14, 2020."
A nurse in Alabama died after receiving a vaccination for the COVID-19 coronavirus disease in December 2020.,1439800610459504643,"‡Æí‡Æ∞‡Øá ‡Æ®‡Ææ‡Æ≥‡Æø‡Æ≤‡Øç 16.43 ‡Æ≤‡Æü‡Øç‡Æö‡ÆÆ‡Øç ‡Æ™‡Øá‡Æ∞‡ØÅ‡Æï‡Øç‡Æï‡ØÅ ‡Æ§‡Æü‡ØÅ‡Æ™‡Øç‡Æ™‡ØÇ‡Æö‡Æø

#covid #covidvaccine #vaccine #coronavirus #vaccination #pgy #healthcare #pfizer #pandemic #vaccines #india #joebiden #news #health #nurses #doctor #virus #coronavaccine #vaccineswork #pharmacy #vaccinated #vaccinessavelives https://t.co/LQDXXgMFM2"
A nurse in Alabama died after receiving a vaccination for the COVID-19 coronavirus disease in December 2020.,1442661179000827904,"@davidmweissman The Pfizer Covid Vaccine became available in the US on December 14, 2020. I had my first dose on December 19th, 2020 and my 2nd dose on January 9th, 2020.
I will get my booster the next day I have off work, which is Oct. 10th."
A nurse in Alabama died after receiving a vaccination for the COVID-19 coronavirus disease in December 2020.,1441288010373361666,"Denise King, a staff member at Crown Heights Center for Nursing and Rehabilitation, a nursing home facility, receives the Pfizer-BioNTech coronavirus disease (COVID-19) vaccine from Walgreens Pharmacist Annette Marshall, in Brooklyn, New York, December

https://t.co/J68f7GKvyD https://t.co/QLOPJWVxJt"
A nurse in Alabama died after receiving a vaccination for the COVID-19 coronavirus disease in December 2020.,1441123457111048193,"@FDA #authorizes #booster #dose of @pfizer @BioNTech_Group #COVID-19 #vaccine for some groups
https://t.co/SyHmiJxcca
#coronavirus #sarscov2 #boostershot #MLO #LABline #medical #covid_19 #elderly #immunocompromised #getvaccinated #getaboostershot #vaccination #covidboostershot"
A nurse in Alabama died after receiving a vaccination for the COVID-19 coronavirus disease in December 2020.,1441515412903059458,"@Steve32540993 @izmks16 @LanyJennifer @DesnoyerRobert @waywardmegan15 @Jetson77 @lee_whiten @theProgEqualist @Ronnie__Lacy @WebGuyTV @jimaw63 @MarshallW73 @1Quetzalcoatl1 @Meanoldman9 @BSHerrle @chrisg409ubc @ThereseOSulliv2 @JDW714 @VinceGottalotta @FactCheckItAll @misshellca @hrt6017 @RMaioris @dogsdontliket @ConsueIoArroyo @Jaynitess @LadyOfTheOcean1 @Flattielover @armybike @NatForTrump2024 @Shopdogg2 @murphtoday @Kellyring @TruthisnotT @_RespectedAgain @LifeNyc2 @gmartinharp @Klee34036780 @2tall2fall4it @SaltyBezerker @MarkBatin @Kyle40846039 @Annie20554592 @PaulaJo41820905 @CPT_Cosmosis @chauchat2021 @srasberry1 @JMDelga82664720 @4JOC1 @maricopacounty Trump blew through the red tape and got it done. Working in a medical center COVID unit during the last three months of 2020, I was an initial recipient of the Moderna vaccine in December, a mere ‚Äúnine months‚Äù after Warp Speed was initiated. Every Primary Democrat ridiculed it."
A nurse in Alabama died after receiving a vaccination for the COVID-19 coronavirus disease in December 2020.,1442526829584297985,"Covid-19 live updates: Biden to receive coronavirus booster shot, White House says https://t.co/62GsGrMaYp I got my Pfizer booster Saturday, no reactions. This is an easy choice vaccination or become a statistic.  DON‚ÄôT WAIT - VACCINATE!"
A nurse in Alabama died after receiving a vaccination for the COVID-19 coronavirus disease in December 2020.,1441466051493957637,@Critica48668382 @CaptainCanada76 @barkhausmedia @Hutch0828 @CTVNews Uhhh I have a friend who was a runner back in december 2020 pre vaccine who then got covid. She was finally able to walk on her own in march.  She just was readmitted for blood clots from covid. She will have lifelong issues...one of many Covid survivors. I'd rather take the vax.
A nurse in Alabama died after receiving a vaccination for the COVID-19 coronavirus disease in December 2020.,1441467976687964160,"@CDC recommends @Pfizer @BioNTech_Group #COVID-19 #booster #shots
https://t.co/XH7SRMXyJ1
#MLO #LABline #sarscov2 #covid19 #covid_19 #coronavirus #vaccine #vaccination #boostershot #publichealth #lab #medical #laboratory #globalhealth"
"The Biden administration is working to launch a COVID-19 passport that ""Americans must have to engage in commerce.""",1443263288301785090,@GovKemp There is a transport flight of 155 US citizens and passport holders that the Biden administration has blocked from entering the United states. They have their covid Vax and Measles vax. The only problem is Biden is ashamed.
"The Biden administration is working to launch a COVID-19 passport that ""Americans must have to engage in commerce.""",1442720829465317376,"@FoxNews President Biden received his booster shot of the Pfizer/BioNtech COVID-19 vaccine Monday at the White House, just days after the Food and Drug Administration and the head of the Centers for Disease Control and Prevention approved the third dose for Americans over 65"
"The Biden administration is working to launch a COVID-19 passport that ""Americans must have to engage in commerce.""",1442252686879952896,"I‚Äôm sick of the term ‚Äújust following the science.‚Äù Pfizer says most Americans don‚Äôt need a booster, yet the administration and federal government recommend it? Since then, two FDA scientists have since retired. Let‚Äôs follow the science, not the agenda. #covid #pfizer #science"
"The Biden administration is working to launch a COVID-19 passport that ""Americans must have to engage in commerce.""",1441845128511963140,"CDC's COVID booster shot reversal: Is the Biden administration following the science?

Jack‚Äôs opinion: Proof that it is politics that drive the booster for younger Americans, not real science! Biden and his minions go against science to push the Vax! 

https://t.co/Ew9RlTVGSI"
"The Biden administration is working to launch a COVID-19 passport that ""Americans must have to engage in commerce.""",1441433042979983363,The U.S. Centers for Disease Control and Prevention and the Food and Drug Administration are giving the green light for some Americans to get a booster dose of Pfizer‚Äôs COVID-19 vaccine. Watch the full interview with WAVY by visiting https://t.co/ISMigZlg10
"The Biden administration is working to launch a COVID-19 passport that ""Americans must have to engage in commerce.""",1441266157265117190,"The U.S. Centers for Disease Control and Prevention and the Food and Drug Administration are giving the green light for some Americans to get a booster dose of Pfizer‚Äôs COVID-19 vaccine.

https://t.co/FYfUeSLhmk"
"The Biden administration is working to launch a COVID-19 passport that ""Americans must have to engage in commerce.""",1443372249222979584,"@trafficconehelp @NYCtoCincy @nonbiasednbafan @espn_macmahon *vaccine passport* The mandate was exposure to small pox to build a natural immunity. Also for revolutionary his soldiers, not Americans as a whole.. Way different than the covid vax. Also never said I was anti-vax"
"The Biden administration is working to launch a COVID-19 passport that ""Americans must have to engage in commerce.""",1440474325727858691,"If I ever see my job again I know for at least 5 years vax will still be the real passport if I ever want to see world again...  Alabama Hospital Defies Biden Administration, Ends COVID Vaccine Requirement for Staff via @WestJournalism https://t.co/cRJXRtHipG"
"The Biden administration is working to launch a COVID-19 passport that ""Americans must have to engage in commerce.""",1440021179968884736,"@NICKIMINAJ My question: why is natural immunity being so overlooked? For those of us that had the covid virus, we still have natural antibodies. Why does this not have a passport?  I‚Äôm not anti vax but a lot of Americans don‚Äôt feel they need to rush it. Why is this being so overlooked."
"The Biden administration is working to launch a COVID-19 passport that ""Americans must have to engage in commerce.""",1438573730330935296,"@ArtValley818_ Based upon racial breakdowns of the covid vaxed, African Americans are those most likely to be shunned in today‚Äôs vax passport nonsense. White liberals are all talk. They don‚Äôt care about poc‚Äôs, they just want your damn votes. Wake up."
"In fall 2020, the U.S. federal government released plans to force every citizen to get a COVID-19 vaccine.",1438535285298630660,"Pfizer and BioNTech‚Äôs COVID-19 vaccine, COMIRNATY, has received Health Canada approval for individuals 12 and older. The vaccine has been available in Canada under Interim Order Authorization since December 2020. Full press release at https://t.co/cnEaUwMhzE"
"In fall 2020, the U.S. federal government released plans to force every citizen to get a COVID-19 vaccine.",1440328101443997702,"@JuliusRuechel It was happening prior to any vax mandate. It was the COVID policies and protocol that caused the burnout and not people with or who COVID had a positive COVID test.

Many are stress leave. If they go through with this mandate you will see  the fall of a government."
"In fall 2020, the U.S. federal government released plans to force every citizen to get a COVID-19 vaccine.",1430156303821938688,"‚ùóÔ∏èImmediately following full FDA approval of Pfizer‚Äôs COVID-19 vaccine, a wave of public, private and government employers and institutions announced they will require staff to be vaccinated.
‚ùóÔ∏èThe 2020 Tokyo Paralympics begin today. You can watch the games on KGET."
"In fall 2020, the U.S. federal government released plans to force every citizen to get a COVID-19 vaccine.",1443708880635129878,"@4wding @AlexvanWorth1 @BOConnorMP @JoshFrydenberg @ScottMorrisonMP Australia is 83rd in the world for vaccine rollout - that is not protecting lives. People are dying. People will get long covid.

It's also the states protecting lives not the Federal government. Your Pfizer information utterly bizarre."
"In fall 2020, the U.S. federal government released plans to force every citizen to get a COVID-19 vaccine.",1444980853910777857,"If you experience severe side effects after getting a¬†Covid¬†vaccine, lawyers tell CNBC there is basically no one to blame in a U.S. court of law.¬†
The federal government has granted ¬†Pfizer¬†&amp; Moderna¬†immunity from liability if something unintentionally goes wrong."
"In fall 2020, the U.S. federal government released plans to force every citizen to get a COVID-19 vaccine.",1443442956585746440,"The RACGP welcomes the Federal Government‚Äôs move to expand eligibility for the Pfizer and Moderna COVID-19 vaccines to all people aged 60 and over nation-wide. So please, do the right thing and roll up your sleeve. It could be the best health decision you ever make #COVID19Aus"
"In fall 2020, the U.S. federal government released plans to force every citizen to get a COVID-19 vaccine.",1443196566538444802,"@JuliaLulia93 @johnrich With all due respect , i went all 2019-2020 without getting covid. Then i go get the moderna , and bam 2 weeks after my 2nd dose...  i was in ICU begging God to take me away cause of covid... So yeah never again will i let my government or medical field convince me to get a shot"
"In fall 2020, the U.S. federal government released plans to force every citizen to get a COVID-19 vaccine.",1436839380119740418,just occasionally remembering that Epstein didnt kill himself and we still have no explanation for the Vegas shooter and Pfizer delayed its vaccine to help throw the election and the entire media-government spent march 2020 calling people worried about covid Racists also helps
"In fall 2020, the U.S. federal government released plans to force every citizen to get a COVID-19 vaccine.",1442012642185388039,"@Ambulate666 That wouldn't surprise me mate ! I'm pretty sure some or all state and federal government's in Australia are not going to make it not mandatory for them either / also heard the same in the US. I'd bet that whatever was shoved in their arms on National TV, wasn't the Covid Vax."
"In fall 2020, the U.S. federal government released plans to force every citizen to get a COVID-19 vaccine.",1435472115990351875,Australia Covid live news update: Pfizer approached government about vaccines in 2020; NSW says western Sydney to stay in harsher lockdown https://t.co/BmB2n97zMF
Amazon waited until former U.S. President Donald Trump left office to offer help distributing COVID-19 vaccines.,1444303007529816073,"@America_Putz In one year President Trump had 400,000 covid deaths with no vaccine. In 8 months Joe Biden has 300,000 deaths despite the help of a vaccine. Joe is on a faster pace than his predecessor. Is it because the vax doesn‚Äôt work, Joe‚Äôs plan was a failure, or is he just that inept? https://t.co/UA8CPYAbbN"
Amazon waited until former U.S. President Donald Trump left office to offer help distributing COVID-19 vaccines.,1443198845765226498,"Democrats are still out here complaining about Trump.ü§£
Take the Vaccine! Get your COVID shot they all cry aloud and say! 
Operation warp speed was produced and distributed by President Trump and his administration. Moderna and Pfizer both! Democrats out here taking the Trump vax"
Amazon waited until former U.S. President Donald Trump left office to offer help distributing COVID-19 vaccines.,1444877807138521089,"Former US President Donald Trump received the Pfizer COVID-19 vaccine and he would get a booster shot if he ""felt it was necessary,"" he said in an interview on Sunday.

#coronavirus | #vaccine | #Trump 

https://t.co/cQaoMgPliJ"
Amazon waited until former U.S. President Donald Trump left office to offer help distributing COVID-19 vaccines.,1440689379131887616,"Day 246!
House of Representatives passed a bill to avert a Government shutdown.
President Biden to announce US will donate 500M+ Pfizer doses to developing countries during Covid summit.
A 6-point plan was written by a Trump lawyer to throw out the vote in 7 states.
#PersistOnüá∫üá∏"
Amazon waited until former U.S. President Donald Trump left office to offer help distributing COVID-19 vaccines.,1444351401354842118,"False info contained - Statement claims 700,000 deaths FROM COVID is false! It INCLUDES DEATHS FM OTHER CAUSES but victim tested + for Covid - i.e. death WITH Covid
Donald Trump: 'I got the Pfizer' vaccine, leaves door open to getting booster shot https://t.co/Lhwp2W4u4v"
Amazon waited until former U.S. President Donald Trump left office to offer help distributing COVID-19 vaccines.,1444373796442492932,"[Donald Trump] &amp; his wife Melania, who ALSO recovered from COVID, both received their vaccinations in January 2021, but waited until March to disclose it.
Trump said 'I got the Pfizer' &amp; leaves door open to getting 3rd / booster shot
https://t.co/c9sPIahLTm? via @YahooNews"
Amazon waited until former U.S. President Donald Trump left office to offer help distributing COVID-19 vaccines.,1444921477657149446,"Donald Trump, former US president, says he got vaccinated with the Pfizer COVID-19 vaccine and would consider taking the booster shot.
 https://t.co/z946v0ZWoI

#COVID19"
Amazon waited until former U.S. President Donald Trump left office to offer help distributing COVID-19 vaccines.,1442207797605650439,"So Trump did the MAGAvaxx deal with Moderna on Jan 13th 2020

And then said he didn‚Äôt know the severity of Covid until Jan 23rd 2020??

Then he signed the US over to FEMA on Mar 13th 2020 - and again before the election

But hey, he was the greatest president ever ü§™ https://t.co/XUbbsOcQaX"
Amazon waited until former U.S. President Donald Trump left office to offer help distributing COVID-19 vaccines.,1442953409510866944,@benheck I agree. And i did have covid.  I did not read my post. Used damn voice recognition.  Even if Trump was in office i still would not get the Vax. I had my fair share of Doctors screw ups.
Amazon waited until former U.S. President Donald Trump left office to offer help distributing COVID-19 vaccines.,1442828188812521481,@DonaldJTrumpJr President Trump was fooled by A.Fauci PFIZER.. about the vaccins You should all REP publish the protocole President Trump got when he had the Covid ! REGENERON . Censorship on treatments that exist ..
President Joe Biden said that minorities don't know how to register online for vaccines.,1442725782976139265,"BIDEN BOOSTER. President Biden received his Pfizer COVID-19 vaccine booster shot while taking questions on Monday. The president said, ""a quarter of the country can't go unvaccinated and us not continue to have a problem."" https://t.co/0CxRyq9qWB"
President Joe Biden said that minorities don't know how to register online for vaccines.,1442903319446372359,"üßµOn Monday, President  Biden got his #COVID19 booster shot. Biden, who‚Äôs 78, is part of the eligible age group recommended for the COVID booster offered by Pfizer.
 ""Boosters are important, but the most important thing we need to do is get more people vaccinated,"" he said. (1/6) https://t.co/fGJjt615wW"
President Joe Biden said that minorities don't know how to register online for vaccines.,1443557795857670147,"Weekly jobless claims rise again, is Joe Biden‚Äôs economic team going to still blame Covid and the Delta variant?  Get ready for much higher numbers bc of the mandatory vax requirements being forced down people‚Äôs throats.."
President Joe Biden said that minorities don't know how to register online for vaccines.,1442988408809349123,"President Biden gets booster shot amid push to increase COVID-19 vaccination rate

27SEP2021
Los Angeles Times

Biden's third inoculation comes less than a week after health officials approved the Pfizer-BioNTech booster for certain groups. 

https://t.co/QWA9hNArQ5"
President Joe Biden said that minorities don't know how to register online for vaccines.,1443074245836173312,"So since Biden has been in office inflation is up, gas prices are up, murders are up, illegals with covid streaming across open border coming to a town near you, unvetted Afghan's got in and Americans &amp; allies left behind. People getting fired if don't get vax, wow way to go Joe. https://t.co/A2CB4kEvuh"
President Joe Biden said that minorities don't know how to register online for vaccines.,1443115249876484103,"President Biden received a third shot of the Pfizer COVID-19 vaccine.

https://t.co/cbfXtFoqFY https://t.co/kF0veAeCwB"
President Joe Biden said that minorities don't know how to register online for vaccines.,1443115173464715266,"Biden to get COVID booster shot Monday, White House says

President Joe Biden on Monday will receive his COVID-19 booster shot and deliver remarks, the White House said. Biden got his second dose of the Pfizer and BioNTech vaccine on Jan. 11, and said la‚Ä¶ https://t.co/ZypyTwAA6c"
President Joe Biden said that minorities don't know how to register online for vaccines.,1443141319359094785,President Joe Biden gets his Pfizer COVID-19 booster¬†shot https://t.co/npxm10IdJQ
President Joe Biden said that minorities don't know how to register online for vaccines.,1442916680997355521,"US President Joe Biden had his third dose of Pfizer‚Äôs Covid-19 vaccine administered live before the White House press corps, insisting the ‚Äòunvaccinated‚Äô were a problem for America and urging everyone to get their shots.
#WhatsOnNews #JoeBiden #Pfizer #COVID19 #vaccine #WorldNews https://t.co/PDFOF9j1Il"
President Joe Biden said that minorities don't know how to register online for vaccines.,1444454926218899465,"@AndrewBoris5 @BidensHair @MarySwa83203011 @Jim_Jordan Actually Biden told me that there was no vax before he was President, and that I couldn‚Äôt get Covid if I got the vaccine, so I have to believe him."
"U.S. President Donald Trump promised a COVID-19 vaccination would be readily available to the public by Nov. 3, 2020.",1442780902266974215,"@IndieDaveComix @jdeisenberg @realdjgonzalez @tedcruz Vice President-elect Kamala Harris received a COVID-19 vaccination on Dec. 28, 2020 on live television.
Being one of the first to get it when it became available.
Trump himself did not get the vax until the following month.."
"U.S. President Donald Trump promised a COVID-19 vaccination would be readily available to the public by Nov. 3, 2020.",1444921477657149446,"Donald Trump, former US president, says he got vaccinated with the Pfizer COVID-19 vaccine and would consider taking the booster shot.
 https://t.co/z946v0ZWoI

#COVID19"
"U.S. President Donald Trump promised a COVID-19 vaccination would be readily available to the public by Nov. 3, 2020.",1442678714337267713,"@NjbBari3 p.s. 
Fully vaxxed with Pfizer (one with higher efficacy!), timed to within 2 months of 2nd dose to maximise AB strength, 
PLUS 
I already think I had Covid anyway (no tests in Feb 2020, thanks Donald Trump &amp; CDC!) .

So best possible immunity, but NOT taking any frigging chance"
"U.S. President Donald Trump promised a COVID-19 vaccination would be readily available to the public by Nov. 3, 2020.",1443278287858331648,"@SteveRickettsSP Soros and the Chinese created COVID in Winnipeg and the vaccine at Oxford.  It started in 2005.

The plan was to release the virus and then the vaccine with the right US President.   Enter Trump.

The easily controlled people take the vax, the ""freedumb"" don't &amp; die.  Let them."
"U.S. President Donald Trump promised a COVID-19 vaccination would be readily available to the public by Nov. 3, 2020.",1439383206466240517,"The year is 2024. Due to ongoing Covid, Trump defeats Biden. His first order is renaming the Pfizer vacc ‚ÄòTrumpenyol‚Äô. Vaccination shoots to 99% in a week. Covid is eradicated in the US.  Trump wins the Nobel prize in medicine. A Democrat is never elected again. We‚Äôre fucked."
"U.S. President Donald Trump promised a COVID-19 vaccination would be readily available to the public by Nov. 3, 2020.",1443832986382786561,"@drterrymcd I need full vaccination status going back to childhood at my house. I‚Äôm requiring 4 covid shots. 2 Pfizer, 2 moderna. 

No one enters in wearing anything short of a full hazmat suit. 
My children haven‚Äôt seen the light of day since 03/2020. 

I‚Äôm taking no chances. https://t.co/3RFoWYgKmh"
"U.S. President Donald Trump promised a COVID-19 vaccination would be readily available to the public by Nov. 3, 2020.",1440076054723317774,"We blew it by not cutting Donald Trump in on the profits from the COVID-19 vaccines.

He pays the symbolic sum of $100 to Pfizer, Moderna, etc. in exchange for a fraction of one percent of the profits from the vaccines."
"U.S. President Donald Trump promised a COVID-19 vaccination would be readily available to the public by Nov. 3, 2020.",1444323488991436804,"To the Trump cult, your leader is vaccinated. #GetVaccinatedNow https://t.co/rvnEzBa1Vf

Former President Donald Trump discusses the COVID-19 pandemic with Yahoo Finance's Adam Shapiro and reveals for the first time he got the Pfizer-Biontech vacci..."
"U.S. President Donald Trump promised a COVID-19 vaccination would be readily available to the public by Nov. 3, 2020.",1443414373612015623,"1/2 Covid is still impacting our lives, so I want to again make a plea for those not vaccinated to please do so. In 7/2020 I entered the Moderna vaccine trial to help in a small way. To continue trying to do something small, today I entered the Moderna booster vaccination trial."
"U.S. President Donald Trump promised a COVID-19 vaccination would be readily available to the public by Nov. 3, 2020.",1440360244647907334,@mike_paroulek @ACTBrigitte He did not hide it nor was it important to know when the man who just had Covid in October of 2020 got the vaccine. What is important is he has been pro vaccine which to answer my question saves Ives. Our current president was anti vax yet you don‚Äôt blame him for any deathsüêëüêëüêë
"U.S. President-elect Joe Biden's transition team was ""removed"" from the Pentagon after leaking intelligence to the Chinese government.",1344809218369589250,"No, Biden Transition Team Wasn&amp;#8217;t &amp;#8216;Removed&amp;#8217; from Pentagon for Leaking Intel to China https://t.co/yI5ScMNASG via @snopes"
"U.S. President-elect Joe Biden's transition team was ""removed"" from the Pentagon after leaking intelligence to the Chinese government.",1435473734471540738,"Australia Covid live news update: Pfizer approached government about vaccines in 2020; NSW says western Sydney to stay in harsher lockdown - The defence minister, Peter Dutton, has accused Chinese Communist party (CCP) officials of becoming ... - https://t.co/yV0K4aycCt https://t.co/w9GnoEQivy"
"U.S. President-elect Joe Biden's transition team was ""removed"" from the Pentagon after leaking intelligence to the Chinese government.",1443759356277833734,"In August, the Pentagon revealed all active-duty troops will need to be vaccinated. The announcement, was put on hold until the Pfizer vaccine was approved, follows President Biden‚Äôs order that federal employees must show proof of vaccination or consent to regular COVID testing. https://t.co/UdbTkHVyyj"
"U.S. President-elect Joe Biden's transition team was ""removed"" from the Pentagon after leaking intelligence to the Chinese government.",1440778559811842050,"U.S. President Biden's Remarks at Virtual Global COVID- 19 Summit 
https://t.co/XuefCt0wYi
#Africa #Albert #America #American #Australia #EU #Europe #ForeignMinister #G7 #Government #India #Japan #Pfizer #SecretaryOfState #SouthAfrica #UnitedNations #UnitedStates #WhiteHouse https://t.co/PzRzaYupnt"
"U.S. President-elect Joe Biden's transition team was ""removed"" from the Pentagon after leaking intelligence to the Chinese government.",1429856254588039174,"The Pentagon will make COVID vaccines mandatory for military now that the FDA has officially approved Pfizer.

If you think ALL government employees should have to be vaccinated, pass it on."
"U.S. President-elect Joe Biden's transition team was ""removed"" from the Pentagon after leaking intelligence to the Chinese government.",1442647142221291522,"From @2GB873: Report backs push to speed up COVID vax rollout

PWDA President @criprights says Government needs to heed the DRC‚Äôs call for improved vaccination measures to protect the lives of people with disability before states start to ease lockdowns.

https://t.co/pYM82picK0"
"U.S. President-elect Joe Biden's transition team was ""removed"" from the Pentagon after leaking intelligence to the Chinese government.",1427725262863704064,"@11111111Ghost @_Naughty_nice @truelifestrange @Moonbabe75 I don't trust Government, especially our current one.

That said, President Trump moved heaven and earth to get us this.

And the Moderna Vaccine cleared my long COVID symptoms."
"U.S. President-elect Joe Biden's transition team was ""removed"" from the Pentagon after leaking intelligence to the Chinese government.",1436870215103508482,"Former vice president and chief scientist for Pfizer, Dr. Michael Yeadon, revealed that the government is lying about the COVID vaccine and described how ‚Äúdemonstrably false‚Äù their propaganda is."
"U.S. President-elect Joe Biden's transition team was ""removed"" from the Pentagon after leaking intelligence to the Chinese government.",1430243569973927938,"Now that the FDA has approved Pfizer-BioNTech for COVID-19, why can't the government mandate vaccines for all in Congress, the same as companies are doing for their employees, i.e., the Pentagon.  Yes we accept your resignation, MTG, Gaetz and too many others to name."
"U.S. President-elect Joe Biden's transition team was ""removed"" from the Pentagon after leaking intelligence to the Chinese government.",1426668106194341890,@EpochTimes @pfizer @CDCgov Covid can also cause heart inflammation. And the condition caused by the vaccine nearly always alleviates itself within a day or two. Don‚Äôt forget the Epoch Times is run by the Chinese government.
H.R. 6666 provides $100 billion to entities that perform COVID-19 testing but prohibits them from allowing any non-vaccinated persons into their facilities.,1443012815439073280,"@JackPosobiec .. I agree with you 100%. I no longer use ""unvax/vax"". It's ""PROTECTED"" = Vaccinated Adult (type, &gt;=1 shot), Recovered Adult (from COVID), Granted Adult (religious/medical).  Those &lt;18 not included. Exclude kids until we know adverse effects."
H.R. 6666 provides $100 billion to entities that perform COVID-19 testing but prohibits them from allowing any non-vaccinated persons into their facilities.,1443361378970996740,@johnandkenshow have a question I haven‚Äôt seen any data on yet in the news of the vaccinated people that are still testing positive for Covid which vaccine did they get I am hearing some rumors from medical professionals that the Pfizer vaccine is an all it‚Äôs cracked up to be
H.R. 6666 provides $100 billion to entities that perform COVID-19 testing but prohibits them from allowing any non-vaccinated persons into their facilities.,1443400066421510144,@SteveCoville @KikkiPlanet @ShayeGanam We don't need a lock down. Easy don't let un vaccinated people in anywhere no rapid testing just proof of Vax and for schools rapid testing daily. And mash type field hospitals only for unvaxed covid patients or keep them at home and call them daily to make sure there not dead
H.R. 6666 provides $100 billion to entities that perform COVID-19 testing but prohibits them from allowing any non-vaccinated persons into their facilities.,1442550476436697088,"@SvenTheMoose97 @DrWrong68 @dangercart His point is that the vaccinated still spread covid. None of these mandates solve any of our public health issues. Covid will still exist five years from now despite 100% vax rate or not. Also, few people are at any risk of death from covid (1% at best)."
H.R. 6666 provides $100 billion to entities that perform COVID-19 testing but prohibits them from allowing any non-vaccinated persons into their facilities.,1443196282827325441,"@KUSINews My personal take: I‚Äôve been vaccinated via moderna since may. I‚Äôve been in 3 situations with friends getting covid testing positive. I tested negative while being in their immediate circle. Although you a COULD get covid, it‚Äôs unlikely to get it Willynilly like unvaccinated do."
H.R. 6666 provides $100 billion to entities that perform COVID-19 testing but prohibits them from allowing any non-vaccinated persons into their facilities.,1442164196423000066,@zorrothewonder1 @THHuxley1 @NidalAllis @chopkinsaz The people who are fully vaccinated but are suffering from severe covid infection are a STUNNINGLY small minority of those vaccinated. As vax r not 100% effective it's inevitable some people will not receive protection &amp; will suffer. This would not happen if everyone got vaxxed.
H.R. 6666 provides $100 billion to entities that perform COVID-19 testing but prohibits them from allowing any non-vaccinated persons into their facilities.,1443633952539828225,Fully vaccinated B.C. mom urges vigilance after testing positive for COVID-19 https://t.co/EQWPD4z6ce - missing info how the kids were doing and how they were taken care of -- what medication.. etc .. again focused only on vax but missing details ... terrible journalism :-(
H.R. 6666 provides $100 billion to entities that perform COVID-19 testing but prohibits them from allowing any non-vaccinated persons into their facilities.,1442405125885243392,"@nyjerrykane @bjsgarda317 @TrailerTrash911 @ClarencDarrow @bigricanman @Sal_LaBarbera We know today that both vaccinated and unvaccinated can  become ill from COVID. I would tend more to be in favor of testing everyone in those two categories, I was tested this weekend the vax folks befor me and after me tested positive -  this is the wrong argument"
H.R. 6666 provides $100 billion to entities that perform COVID-19 testing but prohibits them from allowing any non-vaccinated persons into their facilities.,1441817568940118021,"@notSimon961 Even twice vaccinated,  it‚Äôs not 100 percent protection.

So anyone carrying Covid-19 ( even unknowingly ) can infect somebody else.

Shame - but no guarantees with any vax."
H.R. 6666 provides $100 billion to entities that perform COVID-19 testing but prohibits them from allowing any non-vaccinated persons into their facilities.,1444103627942109189,"@Maureen55495271 @politicalmath For me, this is not a political issue. This is a short development and testing time issue. My children are UTD on vax. The only one they don‚Äôt have is Covid. In 5-10 years, after long-term studies are out, they can be vaccinated."